"ID","Q10","rPC1","rPC2","rPC3","rPC4","rPC5","rPC6","rPC7"
"MF_1",3.32040893574083,0.538793892453515,0.714392001881827,-0.0367211525561983,0.533969515807083,-0.0122259507916383,0.636606818664132,0.276529988869231
"MF_10",2.88305231630084,-0.491153932576735,-1.02620234302042,-0.294803685440029,0.518738379131813,0.465380348862336,-0.028881551229444,0.286506499588655
"MF_11",2.6809436850819,-0.0577899835640865,-0.629373703084753,-0.578937927320342,0.203483886486766,-0.941157917034282,0.156353674106877,-0.274646620266754
"MF_12",2.67726734897371,-0.545977785490594,-0.934437873441679,-0.423190746471899,0.276395668246751,-0.07465130494761,0.237420377044176,0.014904348160174
"MF_13",1.72866199113574,-0.752860026034099,-1.48373905393638,-0.498117718283874,2.43356635766684,-0.92001840168129,0.474460817029511,-0.256622178023913
"MF_14",2.74811200483606,1.09413214876191,-0.626733305184863,0.143060436027785,0.10852327306348,1.25934100116536,1.22523873106437,-0.0548333341689048
"MF_15",2.68548471680051,0.41790018804048,-1.05324336126283,-0.3253332582023,-0.444142216410178,-0.0726536502687233,0.982672033057271,-0.763305022994363
"MF_17",1.92332423689702,-0.880638623692572,-1.66833467952193,0.0907506543203612,2.02230212968724,1.24657637667069,0.483574753600166,-0.435365444525387
"MF_18",1.80411640530671,-0.056482459084044,-0.528703741261559,0.196342671490395,1.79898069146047,1.32616050250298,0.335682517787422,-0.262297488569385
"MF_19",2.64143603505762,-0.350993925710224,-1.22462251369538,-0.0512102459701314,-0.0790577488729248,0.356089434529038,-0.498493093027488,0.474147384323278
"MF_2",3.13534553829404,1.21085972852005,-0.807626779267413,-0.310671192830365,-1.66315864445529,-0.297593652941961,0.913702692071112,-0.0274793523987868
"MF_20",2.31229592600105,1.47400495295914,-0.819064876257165,0.340200644094088,1.32415966290126,0.442256403814699,-0.0241814009714959,-0.00425077401925306
"MF_21",3.98833834902134,1.78101264878395,-1.06921226176464,0.35773011706948,0.625595973978656,0.202988727672341,-2.47154903737931,0.670140009802594
"MF_22",2.11637817919029,1.9073122507853,-1.54354640933703,0.124725859454013,0.0231980502791931,-0.519814423861471,1.05944924632655,-1.07485916540798
"MF_23",1.763215947835,-0.637547312662484,-1.10585547752973,-0.460548222470388,0.523253637964606,-1.44164787948238,0.42784031604435,0.169813948857786
"MF_24",2.7404773303018,1.77536198141967,-1.04423903707078,0.0563677798882932,0.43414015490633,0.599382561702165,0.231706367719413,0.164862143381277
"MF_25",1.51306332889215,-1.45902258382279,-1.11077918551981,-0.154078068573719,2.13395074967563,0.462350659032226,-0.0314127266557108,0.126861046687443
"MF_26",2.84383317274276,0.858114310331314,-1.48391507173437,-0.343435936873655,-0.652341070448848,-0.588075744418281,1.49390299616677,-0.934586625164928
"MF_27",3.12647872591268,0.441175323087455,-0.212843917278225,-0.0496300850196403,-0.106271385685656,-0.436652654353829,0.628991971195178,0.155816457048362
"MF_28",2.56060986992302,0.102994601379875,-1.01563328447939,-0.715319963301196,-0.785871486176805,-0.667353870430728,0.80724193043769,0.0498188825856815
"MF_29",3.57667063583523,0.871198296240252,-1.32428237132513,-0.0580140073705165,-0.0440913744604786,-2.07239269579059,-0.255736587437399,-0.902678429864449
"MF_3",3.08930655233239,1.11817256342614,-0.376953769406215,-0.208610454148033,-0.544284235042652,-0.468613807448774,0.265395438217139,0.240056891044523
"MF_30",3.10812347972544,-0.557093479799447,-1.61083190958554,-0.628988756766512,-1.09222902881138,-0.134509275512225,-0.30436483993571,-1.23894924719076
"MF_31",2.09247114252772,-1.18732866112545,-0.0953006593193133,0.188627389749234,1.28690499629049,-0.139949371500712,0.261609858353747,-0.185157395761213
"MF_32",2.23201143474254,-0.231019615253298,-1.00701047754482,0.31683132430234,3.08052525272411,2.52545294061043,1.68852221890871,-0.023935167879208
"MF_33",2.17640714449749,-0.338085940703066,-1.35403257438945,0.229082823113214,3.68365763383907,-1.54336916301551,0.143447881421296,0.584054159103954
"MF_34",2.87487561424522,-1.25633374890521,-0.515989344888517,1.00834662378229,0.559053120417,-0.698025644335648,-0.340247118278105,0.53122172920073
"MF_35",1.81864257278907,-1.41373172353526,-1.58598615550692,-0.670799358330511,0.69613164510008,1.57807394319019,-0.631129943771329,0.07164124788011
"MF_4",1.85616273457493,0.25868052219848,-0.200863457128587,-0.445142842891619,-0.648405155772756,1.27379571251036,0.481757263159182,-0.547719628093345
"MF_5",2.13958521519919,2.19568292601577,-0.990160571336172,-0.205570639396909,0.682851298842482,0.169962929835508,-2.13972276340356,0.181108655385115
"MF_6",2.31229979937514,1.15207171582765,-0.302812924655997,-0.261966374008197,1.92556547577271,-1.14620998397541,3.05004588526424,0.264267948154251
"MF_7",2.66556534507495,1.99326392940074,-0.862750150831686,-0.236851790548982,-0.364931221589881,0.527312475347851,0.842823473928788,2.59325721647236
"MF_8",2.72971361625191,1.82304798748178,-0.266253400617418,0.159157697623394,-0.623258888405409,1.80174524866889,-0.966373324162781,0.418472128858491
"MF_9",2.45935304258886,2.01729463813072,-1.11123645662638,0.250165105281319,1.18297694201745,1.37311119554398,2.08526377609911,-0.777771264746888
"SG_11",2.31651732439548,-0.927764740195141,0.119821490547119,-0.618742512672225,-0.490785785887984,0.769210810726655,0.892935811449487,0.305712497761183
"SG_12",2.37504273588101,-0.62587454205844,0.312420770499535,1.00766779898932,-0.499834318956018,0.796613281104063,-0.326485007129519,-0.0386705951193947
"SG_13",2.42831268686816,-1.08850792630165,-0.330453101379144,0.124524889080341,-0.896791411526027,-0.419656574741895,-0.176299763901415,5.58262303605715
"SG_14",2.35451333552088,-1.05506193253753,0.0626054234158779,0.472307536385643,-0.720466624760322,-0.0513359435730705,-0.236717570047308,5.46197083875095
"SG_15",2.27955922030457,0.337917151114992,-1.02162026283989,-0.534231836745574,-1.60954737387164,-1.06419510368035,-2.05203285051529,-0.596800816069256
"SG_16",1.93316451703524,-0.620345289808255,-1.36478460768659,-0.129775434096695,-0.0297980588441761,1.68645432818871,-0.0922224016222983,-0.219472571368901
"SG_17",2.29111079517105,-1.62767074708071,-0.913156568643393,-0.712598621120049,0.354612671865163,0.822051734504768,-0.231352556976472,0.487476399614222
"SG_18",2.15046806713219,-1.55773864441111,-1.06654831636871,-0.660137223934056,-0.542535812752901,0.36552712915796,-0.744975810329568,-0.365969362126609
"SG_19",2.26100177605309,-1.86459336191608,-0.68379296532049,-0.0971075524806153,0.50091468842795,1.73046517468255,-0.62234109785756,0.104377704888825
"SG_2",2.43525139090874,-1.40815932537699,0.0432444933673063,-0.127181975817416,-0.894744964953782,0.698700378712562,-0.976334248954226,-0.131334074092048
"SG_20",2.40598131354255,-1.83184049217548,-1.07573864023802,0.14604633167014,0.216320317866892,0.715338824062156,-0.219027804452326,-0.00413393497261511
"SG_21",2.40125522745494,-0.366054172724805,-0.798544981654628,0.263587963341494,0.104826065014267,-1.56095510250357,-0.669887394851695,-0.410864861699845
"SG_22",2.32255812893627,-0.140537762667695,-0.756565851640323,-0.0780919924817537,-0.265308492801115,-0.124719370806753,-0.172833791740346,-0.311716251083455
"SG_23",2.39620522058159,-0.721097029605607,-0.359792579021127,5.27415089188438,0.0517996183690422,-1.46198521759985,0.0685958361398064,-0.194472158897826
"SG_24",2.283696746913,-0.711575854427995,-0.994036772498379,1.88954477275149,-0.0485246411086648,-2.66913562918302,-0.125971893665383,-0.918144281701139
"SG_25",2.24068495115615,-0.589529871669964,-0.565192921029239,6.60283253734207,-0.600124516898841,0.0523715007295814,0.0759919555889727,-0.29180933664953
"SG_26",2.12297216545183,-1.72800201793366,-1.31491397728541,-0.108791231167431,-0.835349589771265,-2.19002814103532,-0.197605786555812,-0.892719560167664
"SG_27",2.1368797740249,-0.527760792402867,-0.287738610566014,4.09220475890875,-2.07976979556055,1.65415884529799,0.483498571350599,-1.00782139422336
"SG_3",2.38757500202605,-0.773366417886317,-0.384184863327474,-0.556785952602329,-1.37094592623536,-0.539705323536171,-0.226118287809156,-0.608181327357294
"SG_4",2.22705417127338,-1.59918781634943,-0.628682223054868,-1.05828634026315,-1.35709355788899,0.300096752547645,-0.161516361086583,-0.107557651205409
"SG_5",2.20652302233202,-1.47992393689053,-0.294829018840465,-0.673607302011316,-1.0519327327894,0.989100042636483,-0.466637696899551,-0.126942884607522
"SG_6",2.42981430256495,-1.16280389732749,-0.40683321861985,-0.793337822155091,-0.887832591396998,0.232274958249616,-0.784268188701054,-0.846546673036645
"SG_7",2.50856114402774,-1.0365167756721,0.329879976592373,0.47519377125117,-0.840115549538119,-0.0404940549680087,-0.352772217656386,-0.280207261253748
"SG_8",2.17365188342957,-0.824352598421668,0.89933536544222,-0.367708633637233,0.476185003086683,-0.73074745859289,-0.695230985176836,0.33712431784571
"SG_9",2.37065935606358,-1.30625998395878,0.353551690628417,-0.115185436774034,-0.426908808307496,1.67228262726587,-0.722223878419607,0.0678087980278868
"SM_1",2.22349002426,-1.16110611677779,1.06711506399051,-0.701508789759706,0.669332999767013,0.122171600408611,-0.157963297243706,-0.517816737178393
"SM_10",2.75052083217833,1.19587725174924,0.255808444003938,-0.490356639920015,-0.293786130453442,0.0194492727711797,0.277034482078425,-0.103040534822691
"SM_11",3.2227123489824,0.189919030563567,0.105369622542582,-0.932921289093716,-1.35704775795951,-0.425749871992921,1.3532966841385,-0.700256885004359
"SM_12",2.35426359061294,-0.308929997402445,0.570795024193609,-0.891345746117529,-0.0721485002573546,-0.244688240361488,-0.0266234047996255,-0.306916304794492
"SM_13",2.32610638168038,-0.789470231633825,0.214440909061335,-0.352430238163819,-0.441690182484748,-0.75011853469337,-0.531033058670933,0.214897743744108
"SM_14",2.20792365235468,-0.764344236586506,0.815088948477311,-0.235884149949966,-0.870845509670677,-0.0042326683523775,0.0252816473606388,-0.38645945008349
"SM_15",2.01547320089965,-0.77231727672049,0.811055120934127,-0.266733574746393,-0.0865724937555486,-0.619264424509635,0.495277928990163,-0.252797189938169
"SM_16",2.79241052051771,-0.594113955130502,0.0691376047645075,-0.355454742246794,-0.383056756913428,-1.00870118187938,0.125280005515004,-0.545969429710026
"SM_2",3.06563686561206,-0.671299131565117,1.60054297481888,-0.600887462662073,1.65391688050193,-0.865214240495128,-0.159964895064284,-0.161198721460488
"SM_20",2.4322687219613,-1.37994500729586,-0.0975396345583517,-0.566030764989179,-0.538061198156995,1.85819039264002,-0.411746031717499,0.543370105839113
"SM_21",2.5509231837533,0.126472244199703,1.7301747365743,-0.160373962881919,-0.778210318560798,0.713495350090961,0.889025919478683,-0.665776931110515
"SM_22",2.35243366339608,-0.527618038074928,1.12919126501229,-0.350978397214032,0.124091599657549,-1.4972885789987,0.985277550166574,-0.573057370393758
"SM_23",2.38852439823656,-0.85522098015419,0.92163275416903,-0.177591111752782,0.546479089161628,-1.10778054300264,1.37411863649836,0.265670817812589
"SM_25",2.90594484684673,0.341438345471877,0.832100995566121,0.63751066375496,-0.719120565089925,-0.106296932717716,1.53896971874055,0.0258910274310891
"SM_26",3.01467663947692,0.737128479666127,1.6839167889576,0.842544448393691,1.67119170503691,0.231748095719675,-0.785062415884328,0.306919724704347
"SM_27",2.22344851184809,-0.331564671238459,1.18411707693975,0.000151314629230181,0.326112811520286,0.742606909973522,0.496932702717166,-0.0792663795929511
"SM_28",3.16600605963167,0.608349287800499,1.67216658879186,0.636273226423231,1.21989911995562,-1.1266882802377,0.448559178769077,-0.183335769733895
"SM_29",2.28730553263361,-0.551917354586841,0.695783989670346,-0.182732588177859,-0.780070751751752,-0.211481005352489,-0.165532512316363,-0.481003675407181
"SM_3",2.51962330897768,-0.455545813011721,1.44112242090906,-0.528609205132318,0.468424261919362,-1.01250842375646,-0.448509506558893,-0.382498965186503
"SM_30",2.19028106581751,-0.64125077693591,0.603626557970086,-0.0936793432208191,-0.807061950196067,-0.579724837072951,-0.0766585729602587,-0.561542962990398
"SM_31",2.91153336923193,-0.127160802510159,0.794369953100546,-0.414742624616518,-0.975730446204147,0.251042567164804,0.803725957764426,-0.0398695403384751
"SM_32",3.37016934016678,1.47223722802548,0.927864148305719,0.645236961109446,1.5811950743454,1.13341683634037,-1.65212314030038,0.32832618363393
"SM_33",3.02567786148239,1.01692027954315,1.37043229328369,0.359680836990692,1.59331919256334,-0.267811858734783,-1.52067816197407,0.115965795005451
"SM_34",3.3338258068805,0.789238721754081,0.814644354450162,0.399546957254813,0.340684649307112,0.338649226844414,-2.05557129728993,0.520412309729871
"SM_35",3.25853770457079,0.599844068117491,1.74521435378196,0.236063460170491,0.866349877577861,0.195810108497736,-1.56866383181674,-1.33220439995271
"SM_36",3.1647344737118,0.935998042892148,0.252312062888584,0.030659855046912,-0.526006640524883,-0.891644195397683,-2.10798935073093,-0.47926808753274
"SM_37",3.09091861975427,0.592239573832381,0.786126833577498,0.523615689085301,-0.622168081900837,0.034705214873526,-1.85077080009681,-0.32146126981545
"SM_38",3.096951002862,0.315357453211246,1.4017142641969,0.0194291117001015,0.24104687382896,0.762958168237669,-0.599993512672765,0.649612900029698
"SM_39",2.57143009537532,0.167174592461544,1.81385413001219,0.160366392192056,-0.392952669357488,0.174239291830515,-0.23576450753551,-0.023852532166818
"SM_4",3.1068377869204,-0.764927640155033,1.38048247039683,-0.623571968540604,1.1667935412324,-0.635405996614136,-0.520598088374821,0.0593233847947048
"SM_40",2.67396749896718,-0.136901130660568,1.45493135845413,0.148455712020483,0.382147948347167,1.1798303899096,-0.801373235034476,-0.572720132004019
"SM_41",2.7640739544801,0.365011425863847,1.20471899629967,-0.0911080983461371,-0.5057254506726,0.48744325332141,-0.579017816666124,0.0253873754840835
"SM_42",2.60162123081905,0.0839835247203163,0.444978088743331,-0.258026134217981,-0.109580012116313,-2.96599459059596,-0.733509134219419,-0.770678219348671
"SM_43",2.64875792932389,0.805305315178713,0.112124905510486,-0.125856222352354,-0.676716582914133,-2.11065390726927,0.974924792780898,4.86762564273905
"SM_44",2.92688672070378,-0.0387264569613616,1.69093929308472,-0.0209253150547912,0.113680918765565,1.54047702087532,0.591116023067643,-0.0883146316891882
"SM_45",2.91456221283548,0.321898312401802,3.19897325251084,1.10689920459272,-0.0111448602559179,0.557750824944368,1.51845015731004,-0.104078724390238
"SM_46",2.71983229745042,0.268838044437067,0.900034400434709,-0.163823859699255,-0.710979475728796,0.712126495004702,1.31251043459624,0.320390697053227
"SM_47",2.65370870689871,0.852340228474066,1.41894059931248,0.356860422429872,-1.08120926606709,0.350111214101217,1.31180716653875,-0.0256172856343824
"SM_48",2.75414668809206,0.534075535886725,0.46543636996408,-0.417442794389515,-1.11394243303348,0.0175778169900272,1.20094310895042,-0.175121089012575
"SM_49",2.86848282954619,0.535378271978838,0.436877194618408,-0.430837963349672,-1.22040254222404,-0.377562747260386,1.46566609911975,-0.560656115095333
"SM_5",2.3663016624216,-1.12420182449856,1.54891582329708,-0.741585354647515,0.605108009718906,-0.135299531176504,-0.180361377199057,-0.127818019822695
"SM_50",3.33631406642228,0.266466688629855,0.489107971821078,-0.40636430825667,-1.2967676957531,-0.0531578635837658,1.72218285472844,-0.283925873249844
"SM_51",2.43258812341384,0.145983104068737,-0.278063663481502,-0.704562552692752,-0.819950430550857,0.528585525879778,-0.75966653299882,-0.0326067091952364
"SM_52",2.96921272245659,1.08743448791335,0.0629629661719441,-0.312753508186825,-0.166636077064462,0.591177826680257,-0.953749666180496,-0.018130790204325
"SM_53",3.10834393832323,1.35620151855157,-0.384400997043306,-0.461791695403966,-0.782267855791891,1.08175419459386,-1.54624149916882,-0.772992725978508
"SM_54",2.98509106108671,1.85738505014846,-1.07523522764127,-0.360436481001022,-1.09723519163954,-0.872452139370967,-2.42208493093605,-0.191778339250122
"SM_55",2.39662544690007,0.925221666533448,-0.183837737000325,-0.301043336631352,-0.253769114338903,0.719968028693059,0.790872026304702,0.662076426826798
"SM_56",2.99140546302602,0.450822594384719,0.547526295040059,-0.219983248120359,-0.0905422085949676,-0.219747822873688,0.683163020659304,0.119245143257205
"SM_57",2.51561102878006,0.181372195877912,0.400580822328777,-0.439589518651418,-0.202154829940928,1.5490592393544,0.149287726757788,0.00447847173949645
"SM_58",2.79155646639841,0.716489223895209,-0.324637837856566,-0.410818118416874,-0.584540544996722,-0.753588854350419,-0.259684102768842,0.00553263236556614
"SM_59",3.2411658877344,1.84924066272132,-0.487034010870205,-0.0525540562526093,-0.485357627191375,0.565674112575703,-1.80386609708161,0.421496874288629
"SM_6",2.03706295408341,-0.979886354746702,1.01165217228935,-0.787046277957462,0.443651149371871,-0.230487182141838,0.144443619959772,-0.803815399572514
"SM_60",2.20010846924456,0.887690115590651,-0.697575893453264,-0.150665989573549,-0.829703977630747,0.253150467639799,1.95428424625256,-0.35030171998313
"SM_61",2.59487502273171,0.814111226271422,-1.11211553319207,-0.0709885107736176,-0.39192059187504,0.193795001663592,0.905981794642366,-0.365866175780013
"SM_7",2.84484880876144,-0.020685944611225,1.35424008835523,-0.53021769181017,1.35162741665648,-1.21334843439315,-0.163005230099086,-0.270215142061117
"SM_8",2.8765596758835,1.1767179160834,0.333205602016293,-0.26871142604479,1.38319785677696,-0.987134721753177,-0.943378656002349,-0.171980769660426
"SM_9",2.73116786260974,0.848566007758707,0.278821948952704,-0.670267277844321,0.0606958946985942,-0.699690376195082,-0.00701405111855341,-0.175164400975271
